Langtag,Lognrwords,COMPATIBLE,INCOMPATIBLE
gv,1,6638,1093
gv,0,61671,640
gv,3,86,8
gv,2,2917,112
gv,4,4,1
gu,11,14,0
gu,10,32,6
gu,13,0,2
gu,12,1,0
gu,1,3030391,14267
gu,0,224173,10167
gu,3,3278,2809
gu,2,52040,10177
gu,5,18209,542
gu,4,13949,1081
gu,7,4093,68
gu,6,71630,219
gu,9,207,4
gu,8,1609,53
gs,1,0,7877
gs,0,0,3604
gs,3,0,61
gs,2,0,1631
gs,4,0,3
gr,1,0,316
gr,0,0,1259
gr,3,0,4
gr,2,0,72
vr,1,0,7827
vr,0,0,264
vr,2,0,14
ge,1,0,309
ge,0,0,38
ge,3,0,5
ge,2,0,60
gd,10,10,0
gd,1,32361,10439
gd,0,6394,5248
gd,3,6299,101
gd,2,4500,1536
gd,5,15503,92
gd,4,12981,260
gd,7,2116,15
gd,6,13195,49
gd,9,71,3
gd,8,509,3
gc,1,0,24
gc,0,0,12
gc,2,0,2
ga,10,14,0
ga,1,96324,79133
ga,0,49464,29890
ga,3,30856,5009
ga,2,30506,31727
ga,5,35835,366
ga,4,32303,606
ga,7,7486,20
ga,6,35084,66
ga,9,507,6
ga,8,3208,12
go,1,0,7352
go,0,0,437
go,2,0,6
gn,1,19163,286
gn,0,635,155
gn,3,13,10
gn,2,180,113
gn,4,1,1
gm,2,0,1
gl,11,20,2
gl,10,109,2
gl,12,11,0
gl,14,1,0
gl,1,731673,2680145
gl,0,89717,188733
gl,3,45595,26908
gl,2,153200,147610
gl,5,256015,7970
gl,4,121915,9536
gl,7,43277,285
gl,6,187558,2964
gl,9,1560,11
gl,8,12655,95
eb,1,0,12
eb,0,0,21
eb,3,0,1
eb,2,0,7
lk,1,0,3
xo,1,0,18
xo,0,0,34
xo,2,0,6
lf,1,0,10
lf,0,0,2
lf,2,0,1
lf,5,0,1
lf,4,0,1
lg,1,31,81
lg,0,13,119
lg,3,0,1
lg,2,30,16
ha,1,75,8180
ha,0,33,757
ha,3,1,5
ha,2,13,152
lb,11,8,0
lb,10,15,8
lb,1,72892,71127
lb,0,23807,31942
lb,3,41638,4603
lb,2,21401,30279
lb,5,99322,1399
lb,4,60911,4422
lb,7,13587,67
lb,6,54582,563
lb,9,338,10
lb,8,3222,47
la,11,10,0
la,10,20,0
la,13,2,0
la,12,2,0
la,1,265518,374205
la,0,31676,111462
la,3,207940,8535
la,2,88877,78768
la,5,180497,2046
la,4,187124,2943
la,7,8619,169
la,6,77708,633
la,9,273,0
la,8,1497,82
ln,1,347,15255
ln,0,134,609
ln,3,24,0
ln,2,162,57
ln,4,4,0
lo,1,19387,2875
lo,0,27135,1291
lo,3,178,1
lo,2,562,66
lo,4,7,0
tt,11,2,0
tt,10,18,0
tt,1,234734,34386
tt,0,127039,44291
tt,3,36084,780
tt,2,72639,12855
tt,5,27367,57
tt,4,77672,135
tt,7,2040,49
tt,6,8491,67
tt,9,70,0
tt,8,513,4
lm,1,0,5423
lm,0,0,4592
lm,3,0,22
lm,2,0,718
tr,11,74,11
tr,10,469,26
tr,12,16,8
tr,1,1281782,1113942
tr,0,364034,395365
tr,3,294423,59295
tr,2,512518,391142
tr,5,606508,5572
tr,4,306173,12781
tr,7,84692,811
tr,6,209095,1981
tr,9,3364,65
tr,8,23762,457
ts,1,45,258
ts,0,26,146
ts,2,12,17
tp,1,0,320
tp,0,0,100
tp,2,0,97
tp,4,0,1
li,1,0,21205
li,0,0,6266
li,3,0,59
li,2,0,1130
li,5,0,2
li,4,0,7
lv,11,12,0
lv,10,54,0
lv,1,420499,177503
lv,0,135125,103891
lv,3,47379,7726
lv,2,137576,73456
lv,5,158490,806
lv,4,78344,1052
lv,7,21629,44
lv,6,90128,397
lv,9,342,2
lv,8,3816,12
to,1,422,393
to,0,46,220
to,3,3,24
to,2,40,30
to,5,0,1
to,4,0,3
lt,11,4,0
lt,10,47,3
lt,1,1090272,398860
lt,0,362726,302845
lt,3,324226,14296
lt,2,314763,129838
lt,5,403730,2290
lt,4,259420,3073
lt,7,37825,136
lt,6,149494,704
lt,9,462,24
lt,8,6292,76
lu,1,0,42
lu,0,0,78
lu,3,0,1
lu,2,0,17
tk,1,1678,271
tk,0,429,143
tk,3,10,1
tk,2,226,6
th,11,4,2
th,10,81,0
th,1,975961,182894
th,0,1656274,154991
th,3,196090,21628
th,2,213411,124350
th,5,122869,997
th,4,242884,4021
th,7,5531,76
th,6,37166,338
th,9,152,2
th,8,645,14
ti,1,8,104
ti,0,0,24
ti,3,3,0
ti,2,8,4
ti,4,2,0
tg,11,11,4
tg,10,38,2
tg,15,0,1
tg,1,48290,15465
tg,0,6512,16690
tg,3,30995,294
tg,2,18534,5295
tg,5,7969,162
tg,4,14667,62
tg,7,1041,50
tg,6,4643,222
tg,9,144,6
tg,8,359,15
te,11,52,1
te,10,83,2
te,13,0,1
te,12,10,1
te,1,307217,37733
te,0,264980,40503
te,3,53502,7268
te,2,97430,25214
te,5,55439,1180
te,4,25688,2280
te,7,8666,152
te,6,20445,582
te,9,270,19
te,8,2598,63
lz,1,0,7311
lz,0,0,6407
lz,2,0,10
tc,1,0,2
tc,0,0,3
tc,2,0,2
ta,11,7,0
ta,10,51,3
ta,12,1,0
ta,1,734545,61334
ta,0,374736,82964
ta,3,48192,7463
ta,2,119320,35147
ta,5,164504,688
ta,4,119888,2070
ta,7,13985,31
ta,6,38085,232
ta,9,207,4
ta,8,2394,6
yi,11,2,0
yi,10,8,0
yi,1,16916,2679
yi,0,66722,929
yi,3,3293,141
yi,2,5018,1498
yi,5,9732,21
yi,4,7417,21
yi,7,1972,23
yi,6,9264,15
yi,9,70,1
yi,8,577,7
kb,1,0,311
kb,0,0,69
kb,2,0,569
kb,4,0,1
dk,1,0,2
dk,2,0,4
yo,11,34,2
yo,10,68,12
yo,1,5208,70648
yo,0,243,32116
yo,3,2168,11394
yo,2,21842,42559
yo,5,187641,1009
yo,4,1000,4605
yo,7,748,181
yo,6,10517,1037
yo,9,95,20
yo,8,253,66
di,1,0,1003
di,0,0,510
di,3,0,1
di,2,0,231
ya,1,0,1
ya,0,0,13
ya,2,0,2
de,11,99,12
de,10,566,75
de,13,11,0
de,12,25,2
de,14,1,0
de,1,9793680,7665084
de,0,27127983,3746847
de,3,16370223,399785
de,2,15288897,2834849
de,5,4214739,77877
de,4,6237693,170247
de,7,1163280,11328
de,6,3193299,29251
de,9,15129,236
de,8,218718,2083
da,11,78,0
da,10,467,27
da,13,3,0
da,12,23,2
da,1,626957,1150398
da,0,315667,414540
da,3,69642,41533
da,2,175624,264703
da,5,447068,50261
da,4,169780,29389
da,7,121617,874
da,6,447562,12533
da,9,4527,39
da,8,38019,144
np,1,0,2
np,0,0,25
np,3,0,3
np,2,0,3
np,4,0,1
dz,1,29,120
dz,0,397,395
dz,3,1,1
dz,2,2,9
dy,1,0,5
dy,0,0,12
dv,1,20842,305
dv,0,2537,39
dv,3,8,4
dv,2,150,89
dv,4,1,0
yp,2,0,1
dt,1,0,1
dt,0,0,1
du,1,0,71
du,3,0,1
du,2,0,10
yu,1,0,1546
yu,0,0,18517
yu,3,0,8
yu,2,0,292
yu,4,0,1
ds,1,0,772
ds,0,0,459
ds,3,0,6
ds,2,0,46
ni,0,0,1
qq,1,0,92
qq,0,0,85
qq,3,0,4
qq,2,0,13
nm,1,0,7
nm,0,0,11
nm,2,0,2
qu,10,6,2
qu,1,96798,37071
qu,0,18728,22824
qu,3,73755,1546
qu,2,24675,9817
qu,5,17359,362
qu,4,64139,423
qu,7,2177,37
qu,6,2429,202
qu,9,32,6
qu,8,53,20
vu,1,0,11
vu,0,0,21
vu,3,0,1
vu,2,0,7
kn,11,21,1
kn,10,69,0
kn,14,1,0
kn,1,118364,28417
kn,0,87601,23153
kn,3,11618,6267
kn,2,19819,20309
kn,5,27950,799
kn,4,12279,2133
kn,7,4738,31
kn,6,6942,245
kn,9,194,5
kn,8,1560,23
zs,1,0,49
zs,0,0,35
zs,2,0,10
ri,0,0,3
ri,2,0,1
ai,1,0,41
ai,0,0,2
ir,1,0,9
ir,2,0,7
em,1,0,7511
em,0,0,99
em,3,0,20
em,2,0,224
el,11,15,2
el,10,171,0
el,12,4,1
el,1,3109906,30337
el,0,412087,14740
el,3,56060,2442
el,2,217315,16695
el,5,129925,92
el,4,46821,315
el,7,39146,27
el,6,119271,93
el,9,2089,2
el,8,14048,0
eo,11,36,21
eo,10,184,49
eo,13,1,0
eo,12,10,13
eo,1,276731,348594
eo,0,203783,326098
eo,3,67629,12527
eo,2,153656,84401
eo,5,203621,2171
eo,4,194950,3611
eo,7,43538,208
eo,6,160488,773
eo,9,1595,46
eo,8,12227,102
en,11,3695,136
en,10,19241,683
en,13,182,3
en,12,752,38
en,15,1,0
en,14,32,0
en,16,1,0
en,1,101885140,34275428
en,0,18042032,13904508
en,3,59026619,2186596
en,2,202963349,18448433
en,5,16593064,56704
en,4,19389489,166113
en,7,4607085,14061
en,6,14813213,27668
en,9,179103,1793
en,8,1263293,5723
zh,11,19,7
zh,10,45,764
zh,13,0,18
zh,12,0,2
zh,1,1891387,3448616
zh,0,8633546,8911494
zh,3,131210,261542
zh,2,352195,943379
zh,5,15102,23717
zh,4,43576,67857
zh,7,1229,2838
zh,6,4443,9195
zh,9,339,7487
zh,8,446,1496
ee,1,0,338
ee,0,0,239
ee,2,0,30
ze,1,0,332
ze,0,0,344
ze,2,0,46
eg,1,0,4
eg,0,0,2
za,1,18104,41
za,0,214,32
za,3,1,0
za,2,82,10
mh,1,0,272
mh,0,0,233
mh,3,0,20
mh,2,0,12
zx,0,0,23
uk,11,206,4
uk,10,962,4
uk,13,1,0
uk,12,26,0
uk,14,1,0
uk,1,2121669,819512
uk,0,934827,725224
uk,3,412964,81596
uk,2,638964,310796
uk,5,1143097,15083
uk,4,777563,11063
uk,7,97706,210
uk,6,319485,655
uk,9,4560,23
uk,8,26498,57
eu,11,2,0
eu,10,42,31
eu,1,495059,519880
eu,0,252689,386243
eu,3,400844,13617
eu,2,126456,148815
eu,5,252771,847
eu,4,317195,1457
eu,7,27517,74
eu,6,86027,284
eu,9,353,9
eu,8,4182,26
et,11,55,18
et,10,249,25
et,13,5,0
et,12,4,2
et,1,340231,185441
et,0,112275,83495
et,3,116498,9237
et,2,125521,45758
et,5,299303,3242
et,4,176404,4054
et,7,35159,219
et,6,94308,601
et,9,1782,64
et,8,11011,89
iu,1,176,199
iu,0,806,26
iu,3,8,1
iu,2,28,2
es,11,290,10
es,10,2694,93
es,13,11,3
es,12,53,0
es,14,4,0
es,1,5013711,9271725
es,0,2522305,2787355
es,3,1312590,668144
es,2,2818657,3782826
es,5,2276864,121634
es,4,1186986,206578
es,7,586868,7347
es,6,1994233,56129
es,9,37115,273
es,8,229493,1605
fu,1,0,8809
fu,0,0,961
fu,3,0,2
fu,2,0,218
ru,11,402,40
ru,10,3853,3924
ru,13,5,2
ru,12,30,0
ru,1,5624573,3983784
ru,0,1590128,2692659
ru,3,919734,329688
ru,2,2172605,4711952
ru,5,2283104,24738
ru,4,1296892,71464
ru,7,288420,1367
ru,6,805443,5471
ru,9,11557,743
ru,8,78987,856
rw,1,543,929
rw,0,381,709
rw,3,4,2
rw,2,207,83
rw,5,1,0
rw,4,1,0
bb,1,0,6
bb,2,0,1
kl,1,588,889
kl,0,317,407
kl,3,0,13
kl,2,21,162
rg,1,0,745
rg,0,0,85
rg,3,0,1
rg,2,0,92
mz,1,0,8912
mz,0,0,254
mz,3,0,9
mz,2,0,2938
ra,2,0,1
bm,1,0,19657
bm,0,0,304
bm,3,0,2
bm,2,0,216
rm,1,734,29702
rm,0,154,2753
rm,3,36,4
rm,2,4591,442
rn,1,22,223
rn,0,54,205
rn,2,9,36
ro,11,378,23
ro,10,1418,611
ro,13,3,2
ro,12,66,3
ro,14,2,0
ro,1,588911,802398
ro,0,155849,504732
ro,3,444473,96061
ro,2,542612,373157
ro,5,353401,9740
ro,4,422206,18325
ro,7,62124,940
ro,6,235810,5496
ro,9,5439,1819
ro,8,23242,352
bn,11,14,7
bn,10,60,6
bn,13,2,0
bn,12,1,1
bn,1,2557268,168832
bn,0,107051,130995
bn,3,245288,13531
bn,2,449015,80736
bn,5,48641,1868
bn,4,59763,4553
bn,7,23033,131
bn,6,43732,583
bn,9,550,13
bn,8,6510,28
be,11,20,12
be,10,131,16
be,12,2,0
be,1,844201,152152
be,0,424833,114583
be,3,137354,10157
be,2,299473,80221
be,5,235722,333
be,4,146982,960
be,7,25999,82
be,6,96713,142
be,9,950,26
be,8,6060,16
we,1,0,7
we,0,0,1
we,2,0,2
bg,11,123,0
bg,10,574,8
bg,12,10,0
bg,1,724755,587844
bg,0,322171,357895
bg,3,128897,27367
bg,2,391571,226861
bg,5,356692,7000
bg,4,206115,12189
bg,7,83637,316
bg,6,317286,2557
bg,9,4097,49
bg,8,27072,94
ba,10,3,0
ba,1,109592,41003
ba,0,26857,37636
ba,3,46555,986
ba,2,87093,9711
ba,5,15836,86
ba,4,81211,161
ba,7,706,12
ba,6,2824,28
ba,9,20,4
ba,8,151,4
wa,10,0,7
wa,12,0,2
wa,1,0,349833
wa,0,0,38896
wa,3,0,2455
wa,2,0,14359
wa,5,0,3125
wa,4,0,1798
wa,7,0,583
wa,6,0,3592
wa,9,0,35
wa,8,0,167
bc,1,0,7741
bc,0,0,181
bc,3,0,8
bc,2,0,198
wo,1,879,2737
wo,0,242,1688
wo,3,19,2
wo,2,123,311
wo,4,2,0
bh,1,135,18851
bh,0,84,954
bh,2,13,113
jv,11,0,12
jv,10,0,48
jv,13,0,2
jv,12,0,2
jv,1,0,266822
jv,0,0,225061
jv,3,0,86555
jv,2,0,89590
jv,5,0,82824
jv,4,0,46623
jv,7,0,11685
jv,6,0,34674
jv,9,0,191
jv,8,0,2237
bo,1,18013,226
bo,0,5017,800
bo,3,5,0
bo,2,24,14
bo,4,1,0
jp,1,0,8
jp,0,0,99
jp,2,0,4
bi,1,45,154
bi,0,2,130
bi,3,7,0
bi,2,17,19
wi,3,0,22
wi,5,0,17
ex,1,0,7280
ex,0,0,247
ex,3,0,3
ex,2,0,101
bu,1,0,690
bu,0,0,2161
bu,2,0,51
wu,1,0,338
wu,0,0,3870
wu,3,0,4
wu,2,0,45
le,1,0,87
le,0,0,79
le,2,0,10
bp,1,0,5485
bp,0,0,418
bp,3,0,1
bp,2,0,1387
bj,1,0,7454
bj,0,0,168
bj,2,0,85
br,10,34,2
br,13,1,0
br,12,1,8
br,1,176237,62528
br,0,39606,28655
br,3,99684,5334
br,2,95218,13000
br,5,92592,1198
br,4,96293,1844
br,7,14574,120
br,6,75030,593
br,9,571,26
br,8,3825,65
bs,11,18,40
bs,10,55,101
bs,12,1,6
bs,1,38716,259390
bs,0,10244,120661
bs,3,13550,20340
bs,2,23232,116383
bs,5,39551,65097
bs,4,21594,28229
bs,7,8527,9975
bs,6,33788,38795
bs,9,386,516
bs,8,2893,2897
tz,1,0,9
tz,0,0,15
tz,2,0,1
bx,1,0,384
bx,0,0,66
bx,2,0,29
ja,11,109,14
ja,10,1505,42
ja,13,7,1
ja,12,28,1
ja,14,3,0
ja,16,0,4
ja,1,4302345,1090006
ja,0,24896670,1251409
ja,3,852500,63212
ja,2,2460056,518678
ja,5,67608,3539
ja,4,237956,8367
ja,7,5443,428
ja,6,20660,720
ja,9,3585,91
ja,8,2292,183
jb,1,0,118
jb,0,0,329
jb,3,0,5
jb,2,0,21
om,1,184,128
om,0,89,151
om,2,14,3
po,1,0,58
po,0,0,5
po,3,0,2
po,2,0,18
ua,1,0,2
ua,0,0,6
jm,1,0,11
jm,0,0,21
jm,3,0,1
jm,2,0,7
ty,1,0,306
ty,0,0,261
ty,3,0,7
ty,2,0,70
oc,11,6,2
oc,10,42,16
oc,1,73925,235830
oc,0,24218,248666
oc,3,76623,9031
oc,2,44266,313048
oc,5,65640,1563
oc,4,276766,5376
oc,7,9559,252
oc,6,40048,921
oc,9,198,50
oc,8,2557,178
kj,1,0,2
kj,0,0,4
tw,1,0,148
tw,0,0,201
tw,2,0,9
ot,1,0,23
ot,0,0,3
ot,2,0,4
os,1,0,626
os,0,0,728
os,3,0,14
os,2,0,172
os,4,0,1
or,1,628859,1170
or,0,12579,720
or,3,139,15
or,2,1425,377
or,4,8,1
bq,0,0,1
ck,1,0,115334
ck,0,0,898
ck,3,0,30
ck,2,0,9468
ck,5,0,1
ck,4,0,3
xh,1,79,452
xh,0,105,154
xh,2,11,18
ch,1,0,7460
ch,0,0,772
ch,3,0,22
ch,2,0,52
co,1,15059,4199
co,0,195,2233
co,3,25,21
co,2,246,521
co,5,0,1
co,4,3,0
cn,1,0,176
cn,0,0,296
cn,3,0,28
cn,2,0,86
cn,4,0,6
cm,1,0,3
cm,0,0,1508
xm,1,0,10826
xm,0,0,2560
xm,3,0,1
xm,2,0,230
al,1,0,268
al,0,0,83
al,2,0,24
cb,1,0,270
cb,0,0,217
cb,3,0,5
cb,2,0,81
ca,11,452,25
ca,10,5209,930
ca,13,13,4
ca,12,30,8
ca,14,1,0
ca,1,1192485,1666277
ca,0,171670,704294
ca,3,353507,110539
ca,2,776337,603912
ca,5,684908,17427
ca,4,1010148,27772
ca,7,207934,1515
ca,6,746246,9251
ca,9,17132,1598
ca,8,84282,742
xa,1,0,80
xa,0,0,25
xa,2,0,7
cg,1,0,15
cg,0,0,37
cg,2,0,5
ce,1,0,388710
ce,0,0,45919
ce,3,0,85
ce,2,0,3134
cd,1,0,128
cd,0,0,152
cd,3,0,1
cd,2,0,2
cz,1,0,16
cz,0,0,1
cz,3,0,1
cz,2,0,15
cy,10,28,0
cy,1,308066,91985
cy,0,73486,36162
cy,3,28863,8331
cy,2,81912,32515
cy,5,88602,2852
cy,4,69425,959
cy,7,27836,62
cy,6,121039,238
cy,9,224,20
cy,8,5414,26
cs,11,147,8
cs,10,501,12
cs,1,2044631,1244552
cs,0,1873660,460949
cs,3,322644,68398
cs,2,897395,444157
cs,5,692356,3584
cs,4,449127,12777
cs,7,115169,283
cs,6,478535,1108
cs,9,2973,64
cs,8,26270,127
cr,1,0,18756
cr,0,0,455
cr,3,0,1
cr,2,0,36
cp,1,0,3
cp,0,0,4
cv,11,0,1
cv,1,0,14304
cv,0,0,10615
cv,3,0,1469
cv,2,0,5006
cv,5,0,119
cv,4,0,301
cv,7,0,6
cv,6,0,51
cv,9,0,16
cv,8,0,2
cu,1,0,84
cu,0,0,55
cu,2,0,9
xu,1,0,1
xu,0,0,1
pr,1,0,745
pr,0,0,85
pr,3,0,1
pr,2,0,91
ps,1,20251,578
ps,0,454,127
ps,3,33,5
ps,2,998,128
ps,4,2,1
pt,11,210,1
pt,10,1684,16
pt,13,3,0
pt,12,44,0
pt,1,1743037,3970586
pt,0,1800762,1884501
pt,3,2703800,322176
pt,2,5727164,2094156
pt,5,2168923,52216
pt,4,1151864,113297
pt,7,322399,1734
pt,6,1341768,18004
pt,9,16528,96
pt,8,114491,471
tl,11,7,68
tl,10,331,170
tl,12,6,4
tl,1,68308,2231161
tl,0,7458,651848
tl,3,236499,353822
tl,2,65934,459561
tl,5,62989,1107319
tl,4,63597,1066505
tl,7,13452,2886
tl,6,49380,24824
tl,9,617,199
tl,8,4337,792
by,1,0,4
pc,1,0,1737
pc,0,0,1032
pc,3,0,12
pc,2,0,215
pc,4,0,1
pa,10,0,12
pa,1,32101,38694
pa,0,7696,3752
pa,3,200,18055
pa,2,2679,14933
pa,5,1,70740
pa,4,15,26005
pa,7,0,9094
pa,6,0,16889
pa,9,0,181
pa,8,0,1629
pf,1,0,165
pf,0,0,347
pf,3,0,2
pf,2,0,118
pd,1,0,428
pd,0,0,166
pd,3,0,2
pd,2,0,46
pe,1,0,1
kh,1,0,25
kh,0,0,23
kh,2,0,5
pi,1,0,18212
pi,0,0,545
pi,2,0,23
pn,1,0,18409
pn,0,0,557
pn,3,0,4
pn,2,0,969
ak,1,73,17950
ak,0,39,123
ak,3,5,0
ak,2,13,14
pl,11,78,18
pl,10,1174,30
pl,13,3,0
pl,12,7,11
pl,1,6241465,4179833
pl,0,3071083,1670142
pl,3,1105794,258024
pl,2,2287231,1505692
pl,5,2890740,14526
pl,4,2423911,51547
pl,7,377752,1878
pl,6,1173671,4608
pl,9,15135,186
pl,8,113622,568
pm,1,0,11418
pm,0,0,7112
pm,3,0,24
pm,2,0,1653
hz,1,0,2
hz,0,0,6
hy,11,32,4
hy,10,8895,0
hy,12,7,0
hy,1,618529,38553
hy,0,557818,35022
hy,3,31353,3630
hy,2,98014,36264
hy,5,62203,84
hy,4,57909,292
hy,7,9354,13
hy,6,42616,27
hy,9,683,6
hy,8,2330,2
x-,1,0,36
x-,0,0,53
x-,3,0,10
x-,2,0,58
x-,4,0,4
hr,11,28,67
hr,10,249,221
hr,13,0,7
hr,12,2,17
hr,14,0,2
hr,1,510840,900230
hr,0,422148,346642
hr,3,115971,114350
hr,2,168677,406330
hr,5,246338,167086
hr,4,153228,127256
hr,7,66122,32150
hr,6,225804,135473
hr,9,2494,1340
hr,8,19867,8687
hs,1,0,2233
hs,0,0,1133
hs,3,0,4
hs,2,0,98
sy,1,0,1
sy,0,0,14
sy,2,0,1
ht,11,2,0
ht,10,2,4
ht,1,55407,123999
ht,0,312216,313473
ht,3,217386,2011
ht,2,41266,25844
ht,5,97555,111
ht,4,151953,198
ht,7,318,41
ht,6,2861,120
ht,9,34,10
ht,8,111,16
hu,11,59,16
hu,10,331,38
hu,12,6,4
hu,1,2411168,1184763
hu,0,936080,569878
hu,3,373775,74400
hu,2,706313,419101
hu,5,526042,3834
hu,4,556618,13278
hu,7,78030,409
hu,6,220734,1432
hu,9,2505,101
hu,8,20509,232
hi,11,221,21
hi,10,879,33
hi,13,18,27
hi,12,164,37
hi,1,1013597,187945
hi,0,210540,428312
hi,3,121840,22985
hi,2,207689,78111
hi,5,71696,3796
hi,4,129543,6269
hi,7,37440,557
hi,6,114935,2175
hi,9,3411,105
hi,8,15032,270
ho,0,0,4
hb,1,0,1
hb,3,0,1
hb,2,0,1
vl,1,0,2198
vl,0,0,1158
vl,3,0,7
vl,2,0,251
an,11,0,16
an,10,0,355
an,12,0,2
an,1,0,184871
an,0,0,122010
an,3,0,17835
an,2,0,87326
an,5,0,67786
an,4,0,9876
an,7,0,5808
an,6,0,20725
an,9,0,561
an,8,0,1627
he,11,0,25
he,10,0,119
he,12,0,2
he,1,0,3313222
he,0,0,118996
he,3,0,160753
he,2,0,424342
he,5,0,259746
he,4,0,170071
he,7,0,94273
he,6,0,347162
he,9,0,2804
he,8,0,29996
me,1,0,3
me,0,0,25
md,1,0,64
md,0,0,166
md,2,0,5
mg,10,8,0
mg,1,45259,105609
mg,0,4269,67331
mg,3,45074,2787
mg,2,5475,8870
mg,5,109416,568
mg,4,82701,6904
mg,7,928,6
mg,6,12372,30
mg,9,20,0
mg,8,132,8
mf,1,0,15
mf,0,0,20
mf,2,0,1
ma,1,0,198
ma,0,0,238
ma,3,0,1
ma,2,0,26
ew,1,0,8
ew,0,0,20
uz,11,54,0
uz,10,121,2
uz,13,2,0
uz,12,16,0
uz,1,628842,359615
uz,0,106885,335081
uz,3,140843,17076
uz,2,74058,129273
uz,5,22022,208
uz,4,149302,3006
uz,7,3584,21
uz,6,9825,67
uz,9,415,0
uz,8,1266,4
ml,11,7,0
ml,10,18,0
ml,1,356277,90028
ml,0,299110,59036
ml,3,32191,15802
ml,2,60718,58355
ml,5,105897,1147
ml,4,56218,4456
ml,7,7492,54
ml,6,24050,272
ml,9,109,2
ml,8,899,9
mo,1,0,1123
mo,0,0,209
mo,3,0,58
mo,2,0,673
mn,1,31519,2339
mn,0,1636,509
mn,3,421,7
mn,2,3226,618
mn,5,1,0
mn,4,9,2
mi,1,647,334081
mi,0,171,3065
mi,3,16,140
mi,2,142,1422
mi,4,6,12
ik,1,18,543
ik,0,29,217
ik,3,1,1
ik,2,4,6
mk,11,156,4
mk,10,216,27
mk,13,28,0
mk,12,115,2
mk,1,229835,3128064
mk,0,35535,303992
mk,3,97232,43865
mk,2,132689,330224
mk,5,128200,15158
mk,4,70893,16326
mk,7,29166,923
mk,6,94775,7196
mk,9,1201,17
mk,8,8303,139
ur,11,147,2
ur,10,331,0
ur,12,16,0
ur,14,4,0
ur,1,216443,47899
ur,0,23157,22539
ur,3,21612,2820
ur,2,76605,19098
ur,5,29195,268
ur,4,23129,810
ur,7,24672,39
ur,6,34410,75
ur,9,1557,0
ur,8,8901,417
mu,1,0,51
mu,0,0,25
mu,3,0,5
mu,2,0,48
mt,1,16459,1427
mt,0,866,556
mt,3,1837,15
mt,2,12284,578
mt,4,25,1
mw,1,0,2249
mw,0,0,233
mw,3,0,8
mw,2,0,187
un,1,0,6
un,0,0,9
ms,11,15,13
ms,10,114,26
ms,12,7,1
ms,1,1022389,725525
ms,0,88410,656656
ms,3,188220,343818
ms,2,321473,271172
ms,5,277913,37846
ms,4,127782,62374
ms,7,32471,2307
ms,6,92799,10778
ms,9,938,147
ms,8,8904,464
mr,11,21,8
mr,10,73,18
mr,13,2,2
mr,12,4,2
mr,15,2,0
mr,1,243206,165084
mr,0,187359,140740
mr,3,53302,5491
mr,2,93712,48280
mr,5,40896,857
mr,4,48539,1058
mr,7,3908,353
mr,6,18662,769
mr,9,327,31
mr,8,1026,150
vm,1,0,1664
vm,0,0,126
vm,3,0,4
vm,2,0,223
ud,1,0,379
ud,0,0,227
ud,2,0,3
ug,1,19576,275
ug,0,347,176
ug,3,7,6
ug,2,158,33
ug,4,3,0
my,11,66,4
my,10,322,0
my,12,0,2
my,1,152109,17892
my,0,233597,28910
my,3,5231,1974
my,2,12895,10461
my,5,23583,168
my,4,43508,422
my,7,8009,56
my,6,9810,146
my,9,1426,5
my,8,4562,22
ki,1,0,177
ki,0,0,115
ki,3,0,1
ki,2,0,11
il,1,0,1732
il,0,0,411
il,3,0,472
il,2,0,2026
il,4,0,15
aa,1,6,15
aa,0,0,12
va,1,0,54
va,0,0,232
va,3,0,1
va,2,0,15
ac,1,0,8593
ac,0,0,158
ac,3,0,1
ac,2,0,155
ab,1,18722,56
ab,0,321,39
ab,3,2,0
ab,2,21,3
ae,1,0,3
ae,2,0,1
ve,1,20,5153
ve,0,15,1730
ve,3,2,14
ve,2,12,485
ag,1,0,1
ag,0,0,2
af,11,10,0
af,10,30,0
af,12,5,0
af,1,44391,115617
af,0,35601,66620
af,3,14749,9522
af,2,27527,56429
af,5,58798,1934
af,4,29051,2433
af,7,18134,52
af,6,62440,600
af,9,700,18
af,8,7266,14
tn,1,118,180
tn,0,32,118
tn,3,20,0
tn,2,91,30
vi,11,116,10
vi,10,1942,163
vi,12,11,12
vi,14,1,0
vi,1,986263,2807879
vi,0,1772,1709179
vi,3,842196,156207
vi,2,1285750,717032
vi,5,750299,14763
vi,4,1614974,27009
vi,7,94437,1308
vi,6,503293,7930
vi,9,8097,49
vi,8,41226,299
is,11,7,2
is,10,69,10
is,12,2,0
is,1,754483,64751
is,0,104979,44785
is,3,31161,3399
is,2,73648,21791
is,5,87535,706
is,4,47430,971
is,7,17679,36
is,6,72463,134
is,9,375,4
is,8,4654,34
av,1,0,158
av,0,0,198
av,2,0,19
am,11,4,0
am,10,24,4
am,1,4304,3225
am,0,427,3164
am,3,6079,374
am,2,9334,1650
am,5,7704,4
am,4,8046,61
am,7,1574,0
am,6,4640,12
am,9,118,0
am,8,536,0
it,11,1736,197
it,10,2793,330
it,13,93,2
it,12,249,47
it,1,1993504,9283201
it,0,1465789,4021237
it,3,1628130,789986
it,2,4377429,3518656
it,5,2255969,154433
it,4,1965555,260960
it,7,393056,14696
it,6,1321469,63368
it,9,18381,652
it,8,126729,2696
iw,11,2,0
iw,10,36,0
iw,1,86452,22986
iw,0,9357,14761
iw,3,28434,1258
iw,2,51064,8552
iw,5,79807,118
iw,4,42881,228
iw,7,33060,14
iw,6,119378,54
iw,9,1196,0
iw,8,12052,2
vo,10,6,0
vo,1,16278,305462
vo,0,15600,533555
vo,3,439543,2222
vo,2,305128,33002
vo,5,570536,3752
vo,4,274643,963
vo,7,742,33
vo,6,3735,188
vo,9,6,0
vo,8,159,6
ii,0,0,139
ay,1,367,18570
ay,0,65,519
ay,3,12,5
ay,2,2573,487
as,1,21036,8686
as,0,335,5730
as,3,50,149
as,2,441,4710
as,5,2,33
as,4,17,54
as,7,0,3
as,6,0,12
ar,11,457,5
ar,10,1759,8
ar,13,22,1
ar,12,129,4
ar,1,1459000,301079
ar,0,277327,158245
ar,3,266846,29344
ar,2,632053,136291
ar,5,427364,1392
ar,4,370259,6027
ar,7,85174,258
ar,6,369925,610
ar,9,7311,19
ar,8,29128,81
km,1,20603,225
km,0,9125,82
km,3,38,5
km,2,220,110
km,5,2,0
km,4,6,0
io,1,0,95221
io,0,0,18698
io,3,0,14120
io,2,0,22520
io,5,0,6306
io,4,0,16142
io,7,0,393
io,6,0,3421
io,9,0,17
io,8,0,118
in,11,0,14
in,10,0,54
in,12,0,10
in,1,0,107892
in,0,0,30788
in,3,0,28563
in,2,0,54639
in,5,0,112112
in,4,0,61853
in,7,0,15450
in,6,0,50914
in,9,0,480
in,8,0,3736
ia,10,24,5
ia,12,4,0
ia,1,1424,36161
ia,0,114,13821
ia,3,553,2573
ia,2,2015,9377
ia,5,3745,2644
ia,4,1402,6998
ia,7,1763,384
ia,6,4762,1676
ia,9,178,44
ia,8,863,160
dj,1,0,23
dj,0,0,21
dj,2,0,4
ic,0,0,6
az,11,165,28
az,10,560,14
az,13,0,1
az,12,31,16
az,1,528295,297345
az,0,210980,86237
az,3,199134,15475
az,2,179100,41567
az,5,95701,2222
az,4,71076,7436
az,7,10489,287
az,6,29370,1104
az,9,1516,31
az,8,4376,92
ie,1,30,3281
ie,0,9,1967
ie,3,4,2
ie,2,22,404
id,11,87,6
id,10,344,39
id,13,4,0
id,12,6,11
id,1,492884,1817596
id,0,219922,482345
id,3,219139,84352
id,2,287258,445626
id,5,389966,31367
id,4,276557,28802
id,7,56929,1655
id,6,185742,11019
id,9,1888,103
id,8,14224,350
ig,1,82,165
ig,0,2,70
ig,3,2,4
ig,2,42,58
ks,1,6,132
ks,0,13,266
ks,3,0,1
ks,2,3,20
nl,11,352,74
nl,10,1343,241
nl,13,13,5
nl,12,35,5
nl,15,0,1
nl,14,0,2
nl,1,1804795,7897454
nl,0,1549450,3102126
nl,3,603055,228745
nl,2,1589716,1791946
nl,5,2003131,102235
nl,4,3731793,189495
nl,7,414553,4634
nl,6,1483360,36035
nl,9,14675,512
nl,8,130631,1172
us,1,0,402
us,0,0,77
us,2,0,30
nn,11,4,2
nn,10,20,81
nn,1,612493,972359
nn,0,448881,396315
nn,3,53252,65245
nn,2,123456,278126
nn,5,266735,192795
nn,4,153147,81023
nn,7,57622,52007
nn,6,272421,209580
nn,9,756,1657
nn,8,12379,14261
no,11,12,17
no,10,298,341
no,12,0,11
no,1,430082,1037348
no,0,715560,592929
no,3,109146,110236
no,2,208493,440982
no,5,659055,88477
no,4,290450,86234
no,7,177817,3821
no,6,687450,50919
no,9,5001,99
no,8,48027,517
na,1,111,6295
na,0,7,3775
na,3,0,19
na,2,6,2675
na,4,0,1
nb,1,0,939249
nb,0,0,93866
nb,3,0,11308
nb,2,0,151626
nb,5,0,220
nb,4,0,1391
nb,7,0,2
nb,6,0,17
nd,1,0,13493
nd,0,0,4243
nd,3,0,156
nd,2,0,1987
nd,4,0,4
nd,6,0,1
ne,11,27,2
ne,10,166,3
ne,13,1,0
ne,12,6,0
ne,1,180141,194144
ne,0,87472,426564
ne,3,61386,54646
ne,2,55463,64422
ne,5,18357,1950
ne,4,49528,5279
ne,7,6797,757
ne,6,13232,1438
ne,9,611,60
ne,8,2072,225
ng,1,0,10
ng,0,0,13
ny,1,35,288
ny,0,15,132
ny,3,0,2
ny,2,8,25
zu,1,77,3946
zu,0,65,1969
zu,3,243,2
zu,2,435,376
zu,4,33,0
so,1,1607,595
so,0,652,706
so,3,82,21
so,2,553,81
so,5,8,0
so,4,188,0
nr,1,0,25
nr,0,0,49
ns,1,0,383
ns,0,0,323
ns,3,0,252
ns,2,0,659
ns,5,0,23
ns,4,0,249
nu,1,0,7
nu,0,0,5
nv,1,0,962
nv,0,0,117
nv,3,0,7
nv,2,0,48
nv,4,0,1
kv,1,0,326
kv,0,0,501
kv,2,0,18
fr,11,312,104
fr,10,1607,310
fr,13,8,4
fr,12,43,20
fr,1,6140154,9870329
fr,0,1439160,2790247
fr,3,18091713,1820885
fr,2,15953498,4801157
fr,5,4627629,132747
fr,4,11521905,260467
fr,7,1338818,11528
fr,6,4009443,52098
fr,9,18179,668
fr,8,211694,1805
sm,1,22,82
sm,0,12,66
sm,3,49,0
sm,2,46,14
sm,4,1,0
tu,1,0,135
tu,0,0,43
tu,3,0,1
tu,2,0,19
fy,11,2,4
fy,10,32,14
fy,1,58907,29093
fy,0,19464,16368
fy,3,11730,2608
fy,2,20353,12096
fy,5,47351,2100
fy,4,29127,2355
fy,7,14029,140
fy,6,55202,1340
fy,9,345,27
fy,8,3831,45
ju,1,0,3
ju,0,0,3
fa,11,132,0
fa,10,723,0
fa,13,6,0
fa,12,33,0
fa,1,3459966,756930
fa,0,523932,382071
fa,3,449143,54649
fa,2,2810948,337748
fa,5,485044,2114
fa,4,623727,15787
fa,7,64992,309
fa,6,313576,1084
fa,9,3637,2
fa,8,18559,69
kk,11,175,4
kk,10,804,15
kk,12,45,0
kk,1,789216,213745
kk,0,177004,361679
kk,3,70014,10528
kk,2,317830,74397
kk,5,304603,265
kk,4,340811,1179
kk,7,31939,31
kk,6,76799,109
kk,9,2850,10
kk,8,10906,12
ff,1,0,18137
ff,0,0,113
ff,2,0,18
fi,11,25,25
fi,10,114,38
fi,12,0,4
fi,1,1820086,1345155
fi,0,1696914,413040
fi,3,268725,112227
fi,2,514679,537708
fi,5,1414283,5850
fi,4,546073,24826
fi,7,161980,433
fi,6,405276,1120
fi,9,1477,99
fi,8,26367,229
fj,1,30,178
fj,0,10,48
fj,3,5,0
fj,2,29,8
fk,1,0,13
fk,0,0,192
sa,1,2586,21150
sa,0,4703,4432
sa,3,25,30
sa,2,629,312
sa,4,3,2
fo,1,26316,2400
fo,0,2721,912
fo,3,29,28
fo,2,583,396
fo,4,2,0
fo,6,0,1
sz,1,0,1281
sz,0,0,549
sz,3,0,2
sz,2,0,51
ka,11,27,4
ka,10,113,2
ka,13,2,0
ka,12,8,0
ka,1,968071,132043
ka,0,1120019,116162
ka,3,77423,9451
ka,2,146079,82233
ka,5,208266,1015
ka,4,118191,1200
ka,7,19297,28
ka,6,58161,129
ka,9,567,5
ka,8,4202,4
kg,1,0,2746
kg,0,0,1776
kg,3,0,2
kg,2,0,313
ke,1,0,18
ke,0,0,28
ke,2,0,5
kd,1,0,7
kd,0,0,20
kd,3,0,1
kd,2,0,4
ss,1,69,137
ss,0,70,236
ss,3,0,1
ss,2,4,11
ss,4,0,1
sr,11,59,30
sr,10,304,60
sr,13,4,2
sr,12,9,13
sr,1,787651,560933
sr,0,553852,402615
sr,3,177810,37490
sr,2,452103,180073
sr,5,440367,46223
sr,4,327864,20138
sr,7,89639,9568
sr,6,337114,33605
sr,9,2540,411
sr,8,16670,2736
sq,11,310,5
sq,10,973,10
sq,13,12,0
sq,12,79,5
sq,15,2,0
sq,1,73618,154350
sq,0,36777,112786
sq,3,52192,16664
sq,2,54298,63758
sq,5,57494,15254
sq,4,67715,12411
sq,7,14104,5012
sq,6,56194,15552
sq,9,2182,175
sq,8,6487,1252
sp,1,0,107
sp,0,0,6
sp,3,0,9
sp,2,0,81
sp,4,0,1
ko,11,6,10
ko,10,74,14
ko,1,6446861,288895
ko,0,2538006,233952
ko,3,376940,35056
ko,2,851678,182613
ko,5,420787,1320
ko,4,474865,3843
ko,7,44960,43
ko,6,303196,740
ko,9,419,2
ko,8,6395,23
sv,11,23,3
sv,10,370,31
sv,13,2,0
sv,12,5,4
sv,1,1159917,4351346
sv,0,597026,2689819
sv,3,350040,152699
sv,2,590870,1100698
sv,5,1432889,58802
sv,4,1635426,78752
sv,7,284232,2851
sv,6,1056969,26417
sv,9,7111,67
sv,8,75775,579
su,11,7,2
su,10,9,16
su,12,2,0
su,1,38984,40306
su,0,37493,26346
su,3,41849,3223
su,2,36842,18876
su,5,18309,860
su,4,10779,947
su,7,4356,371
su,6,12018,652
su,9,99,84
su,8,994,313
st,1,57,584
st,0,20,1865
st,3,0,239
st,2,5,86
st,4,0,31
sk,11,61,15
sk,10,251,22
sk,12,14,0
sk,1,942670,1453161
sk,0,427328,1328144
sk,3,465989,27305
sk,2,339958,249603
sk,5,399622,15970
sk,4,259761,6805
sk,7,43470,124
sk,6,185905,641
sk,9,1390,57
sk,8,10678,26
kr,1,0,140
kr,0,0,119
kr,3,0,150
kr,2,0,86
kr,5,0,2
kr,4,0,18
si,1,89703,854
si,0,6228,134
si,3,319,25
si,2,3375,367
si,5,7,0
si,4,21,3
sh,1,0,69700
sh,0,0,20847
sh,3,0,453
sh,2,0,13460
sh,4,0,4
kw,1,0,19375
kw,0,0,1004
kw,3,0,4
kw,2,0,246
kw,4,0,1
sn,1,236,318
sn,0,139,332
sn,3,2,0
sn,2,14,25
sn,4,4,0
ku,11,6,22
ku,10,29,96
ku,12,2,4
ku,1,140394,33061
ku,0,2593,17686
ku,3,4301,1300
ku,2,22148,9681
ku,5,8737,1293
ku,4,10725,1473
ku,7,583,614
ku,6,2485,1550
ku,9,52,172
ku,8,191,341
sl,11,158,28
sl,10,102,48
sl,13,2,0
sl,12,2,3
sl,1,242806,464920
sl,0,55841,355564
sl,3,122778,54831
sl,2,208271,158864
sl,5,214231,6058
sl,4,210155,17920
sl,7,42371,245
sl,6,156857,1688
sl,9,1332,1535
sl,8,10980,91
sc,1,0,21737
sc,0,0,8097
sc,3,0,1021
sc,2,0,12372
sc,5,0,7
sc,4,0,181
sb,1,0,6
sb,0,0,26
sb,2,0,1
ky,11,58,0
ky,10,159,0
ky,13,3,0
ky,12,14,0
ky,14,1,0
ky,1,21492,22277
ky,0,3318,2463
ky,3,5499,89
ky,2,8944,793
ky,5,23235,27
ky,4,8446,50
ky,7,4089,13
ky,6,9734,29
ky,9,552,4
ky,8,1446,6
sg,1,34,3817
sg,0,25,771
sg,3,1,2
sg,2,27,151
sw,11,6,0
sw,10,7,2
sw,1,54186,69564
sw,0,19284,57063
sw,3,27092,4613
sw,2,87058,36546
sw,5,60989,534
sw,4,56995,1239
sw,7,7203,50
sw,6,34712,331
sw,9,146,0
sw,8,1724,7
se,1,0,1987
se,0,0,62129
se,3,0,8
se,2,0,118
se,4,0,2
sd,1,17968,76
sd,0,17,41
sd,3,2,0
sd,2,43,17
sd,5,1,0
sd,4,2,0
